{"playerData":{"playerStats":[100.0,2920.0,78.0],"playerPositionAndRotation":[16.98346519470215,1.9933373928070069,13.833418846130371,0.26962345838546755,0.02994273602962494,-0.008388123475015164],"inventoryContent":[],"quickSlotsContent":["Axe"]},"environmentData":{"pickedUpItems":["Rabbit Hide_Model(Clone)","Stick0004","Stick0003","Rock0016"],"treeData":[{"name":"Tree_Parent","position":{"x":22.214000701904298,"y":0.4690000116825104,"z":47.10100173950195},"rotation":{"x":0.0,"y":0.0,"z":0.0}},{"name":"Tree_Parent","position":{"x":15.619999885559082,"y":0.4690000116825104,"z":38.25},"rotation":{"x":0.0,"y":0.0,"z":0.0}},{"name":"Tree_Parent","position":{"x":33.81999969482422,"y":0.4690000116825104,"z":36.029998779296878},"rotation":{"x":0.0,"y":0.0,"z":0.0}},{"name":"Tree_Parent","position":{"x":45.2599983215332,"y":0.4690000116825104,"z":16.010000228881837},"rotation":{"x":0.0,"y":0.0,"z":0.0}}],"animals":["Rabbit2","Rabbit3","Rabbit4","blood_puddle"],"storage":[{"items":["Stick","Stick","Rabbit Hide","Stone"],"position":{"x":15.272045135498047,"y":0.33125317096710207,"z":17.720317840576173},"rotation":{"x":-0.007671177387237549,"y":0.8986974954605103,"z":0.01573196053504944}}]}}