{"playerData":{"playerStats":[100.0,2980.0,90.0],"playerPositionAndRotation":[15.84298324584961,1.9299997091293336,17.883358001708986,0.214138001203537,0.5182386636734009,-0.1358700841665268],"inventoryContent":["StorageBox","StorageBox","Rabbit Hide","Rabbit Hide"],"quickSlotsContent":["Axe"]},"environmentData":{"pickedUpItems":["Rabbit Hide_Model(Clone)","Rabbit Hide_Model(Clone)"],"treeData":[{"name":"Tree_Parent","position":{"x":22.214000701904298,"y":0.4690000116825104,"z":47.10100173950195},"rotation":{"x":0.0,"y":0.0,"z":0.0}},{"name":"Tree_Parent","position":{"x":15.619999885559082,"y":0.4690000116825104,"z":38.25},"rotation":{"x":0.0,"y":0.0,"z":0.0}},{"name":"Tree_Parent","position":{"x":33.81999969482422,"y":0.4690000116825104,"z":36.029998779296878},"rotation":{"x":0.0,"y":0.0,"z":0.0}},{"name":"Tree_Parent","position":{"x":45.2599983215332,"y":0.4690000116825104,"z":16.010000228881837},"rotation":{"x":0.0,"y":0.0,"z":0.0}}],"animals":["Rabbit3","Rabbit4","blood_puddle","blood_puddle"]}}