{"playerData":{"playerStats":[100.0,2830.0,89.0],"playerPositionAndRotation":[45.41707229614258,6.712852478027344,55.7764778137207,0.010907978750765324,-0.988007128238678,0.12967677414417268],"inventoryContent":[]}}