{"playerData":{"playerStats":[100.0,2860.0,66.0],"playerPositionAndRotation":[15.769837379455567,1.9996308088302613,14.12826919555664,-0.13834750652313233,-0.2785467505455017,0.04058415815234184],"inventoryContent":["Stone","Stone","Stick","Stick","Stone","Stick","Stone","Stick","Stick","Stone","Stick","Stone","Stone"],"quickSlotsContent":[]},"environmentData":{"pickedUpItems":["Stick0002","Rock0002","Rock0001"]}}